employee_id,customer_id,name,department,basic_pay,hra,special_allowance,overtime_pay,bonus,bank_account_no,pan_number,uan_number,attendance_days,lop_days
E001,C041,Amit Chatterjee,HR,34174,13670,10053,1835,0,193327551503,XEOIC4843Q,959814485368,29,0
E002,C032,Kabir Gupta,Engineering,85351,34140,11577,5047,618,253605945389,OBZLG5644U,145864434317,26,1
E003,C046,Myra Menon,Engineering,82334,32934,8830,2958,1242,400184519405,FKDAH2008K,101109756260,30,0
E004,C032,Ananya Kapoor,Engineering,39982,15993,5806,1379,0,842791669151,NGFIP3182X,714932521892,27,2
E005,C048,Aadhya Iyer,Marketing,51197,20479,2009,2026,0,158949471441,LPBID1185X,108333803639,30,0
E006,C038,Reyansh Gupta,HR,61511,24604,6492,1188,0,594293428937,RWMAH8679N,,28,0
E007,C030,Amit Agarwal,Operations,34069,13628,4108,2503,0,607390209789,XZCJT8317D,819292170016,26,0
E008,C005,Diya Iyer,Finance,46051,18420,8174,1170,5171,,AJASE6931S,737282112114,26,0
E009,C012,Priya Gupta,Marketing,26095,10438,7735,493,756,696164472659,BEUND9924G,114921821707,24,0
E191,C030,Aryan Chatterjee,Operations,24518,9807,7513,1759,0,540838408979,EQEHS1454L,365279673882,28,0
E011,C009,Amit Pillai,Sales,16362,6545,2045,779,5084,261127861495,WQPEO5726K,709858687239,27,0
E012,C031,Priya Nair,Support,68821,27528,11825,824,0,22345179161,KAUJN4851K,184664766780,29,0
E013,C048,Karan Reddy,HR,50159,20064,3068,1442,5769,207546572970,,760145414105,27,0
E014,C005,Om Singh,Operations,53776,21510,2432,3190,0,785130528725,YOLCU9134S,818287692235,30,0
E015,C003,Ishaan Mehta,Support,49185,19674,1742,827,0,722119408353,ZYXQK6639I,647867016007,27,0
E016,C032,Aryan Sharma,HR,58183,23273,11321,2346,2805,383433923053,JKTDI2465I,405529978787,28,0
E017,C048,Priya Iyer,Sales,22419,8968,6465,1351,0,285332223302,MFZEM5697B,333495855868,27,0
E018,C026,Riya Verma,Marketing,33356,13342,8351,1796,2973,259911927643,DHITH8889U,986111747424,30,0
E019,C031,Kiara Chauhan,HR,20386,8154,5806,224,1334,106008109818,,248780191030,24,0
E020,C039,Arjun Agarwal,Operations,58817,23527,7002,3458,5087,410806414781,JCTAU1388F,947384971063,26,0
E021,C015,Arjun Rao,Engineering,43867,17547,4277,624,5078,419432251996,BLEGW7391D,887117625869,29,0
E022,C043,Dhruv Joshi,Support,33630,13452,4997,658,219,889108940318,YAUIN3539M,576771099563,26,0
E023,C021,Dhruv Singh,Engineering,41978,16791,2819,612,0,953673469655,YDEJO9637F,327866145513,30,0
E024,C046,Reyansh Kulkarni,Engineering,39114,15646,11111,1902,0,406446732792,NNREV9896D,767453169457,29,0
E025,C043,Tanvi Reddy,Support,84049,33620,8659,2295,5590,796512460190,IRQBT6735U,290759149972,25,0
E026,C022,Varun Nair,HR,71546,28618,1524,3162,5960,71442475474,KLUDL2370U,453634652412,28,0
E027,C047,Om Patel,Operations,69463,27785,9055,2562,0,603698403148,BMPYN4084O,710284654791,25,0
E028,C033,Aryan Sharma,Marketing,48722,19489,4541,3478,0,991889639331,LNTRE3722J,429701939700,30,0
E029,C039,Myra Mehta,Marketing,57136,22854,3069,3289,0,908015463639,IKEQK4080S,496045097409,26,2
E030,C035,Vihaan Patel,HR,24847,9939,8382,1456,3977,333281374244,UFEUY8744T,701064242962,25,2
E031,C002,Diya Menon,Engineering,36040,14416,4476,810,0,210497183844,RYOOS7921Y,649054434597,29,0
E032,C029,Ananya Verma,Operations,68849,27540,11749,2860,0,32995306523,KOKSW9661P,499548597755,25,0
E033,C023,Siddharth Patel,Operations,79246,31698,7217,4466,0,340770154288,MVGKX9589Y,858990597184,30,0
E034,C031,Amit Chauhan,Support,32488,12995,9507,273,0,247824013387,MPQQH3748G,627365236685,26,1
E035,C038,Shaurya Pillai,Operations,79542,31817,7495,1067,235,799535727323,IDVGD7298U,204133750578,24,0
E036,C023,Myra Nair,Sales,85942,34377,3116,181,0,933571774588,KHZQB9445D,811664176505,25,0
E037,C009,Ananya Iyer,HR,48944,19578,2674,2783,4995,429260440732,NOGNH7174U,992837804974,28,0
E038,C011,Vivaan Joshi,Engineering,22139,8856,8675,1289,0,325143123752,HLELF1462J,418003925561,28,0
E039,C009,Advait Pillai,Marketing,76592,30637,11333,2552,1411,803375539503,TEMFX3406D,891161901692,30,0
E040,C048,Saanvi Joshi,Sales,20063,8025,6855,84,520,776877642478,LCAIQ7719V,251200763719,24,0
E041,C027,Sai Nair,Support,56486,22594,7158,2054,4915,400536702758,OTPGI7770F,775239389152,27,0
E042,C006,Saanvi Singh,Operations,31439,12576,8066,524,0,127721244553,TCIEE2577B,458655961126,29,0
E043,C029,Nikhil Gupta,Marketing,64015,25606,3385,2297,0,876333357062,YZYWL2730Q,690466491184,25,0
E044,C048,Ananya Rao,Engineering,57481,22992,9332,2533,0,713427444024,MANBY6413J,334166189808,27,0
E045,C037,Ananya Menon,Engineering,76995,30798,5159,3456,0,277989793879,DNEIL6076Q,159471289827,28,0
E046,C048,Ishaan Chatterjee,Marketing,73015,29206,8286,4545,0,475256380883,EVMVY5271B,293660447165,27,1
E047,C039,Saanvi Desai,Engineering,31056,12422,10869,246,627,184376916181,KCDQW2622I,424682817866,25,0
E048,C033,Aditya Patel,Sales,84700,33880,7910,2837,0,930369954709,FSCTC1457C,657612330678,26,0
E049,C030,Arjun Chauhan,Support,22756,9102,10107,1259,0,53733351914,NFKBI5215Y,619174862647,30,2
E050,C005,Meera Chauhan,Operations,52397,20959,7073,2068,0,386925037604,UKUPM2152R,273887490200,26,2
E051,C002,Nikhil Sharma,HR,58305,23322,5266,3109,0,636817690322,KJYUY7573K,396336213637,25,0
E052,C017,Navya Singh,Finance,36841,14736,8416,1032,3326,352273497704,BJNCH2494N,450187040369,29,2
E053,C015,Yash Menon,Support,54932,21973,4202,2312,0,601420583782,VCRZB6908Y,453236260838,24,0
E054,C031,Varun Chauhan,Engineering,61245,24498,1904,4583,0,36267112833,RITDW3155M,519181696321,0,0
E055,C005,Aarav Kulkarni,Operations,81043,32417,10727,6407,0,277638370317,JRELU2347M,582839131376,25,0
E056,C031,Rahul Menon,Support,78863,31545,3469,5874,0,380719297084,PDCKV5547M,607953412322,28,0
E057,C025,Amit Kulkarni,Operations,85121,34048,5384,870,2505,796803052832,FVBHS3733S,121573319975,30,0
E058,C014,Kabir Kapoor,Finance,66759,26704,7587,872,0,382966667795,UQDBP5155Y,292893762569,27,1
E059,C006,Krishna Kapoor,Operations,28929,11572,2516,1184,0,810879906480,YKZGC6242Q,884268178066,30,0
E060,C030,Om Gupta,Finance,42332,16933,1876,692,0,959120450711,NRBFS5905H,912690238064,0,0
E061,C022,Vivaan Menon,Support,83370,33348,2733,1885,0,164200094264,BSNBX8840O,457509971325,29,1
E062,C041,Reyansh Chauhan,Operations,38299,15320,9808,580,1187,103343192953,ZRWDS5866V,978307786330,28,0
E063,C035,Tanvi Bhatia,Engineering,84217,33687,9855,2022,0,899932360556,OFZLS7877M,510763472111,30,0
E064,C014,Myra Reddy,Operations,23555,9422,2442,1363,0,451612163990,CFYVP1780A,241771007185,30,0
E065,C012,Ishaan Pillai,Sales,43765,17506,6915,2325,0,243996831029,YOBJD9395B,275611816982,25,0
E066,C021,Yash Nair,Finance,64506,25802,8072,4109,0,621611019419,FQWQY2148J,181521152681,27,0
E067,C008,Rohan Bhatia,Marketing,78704,31482,5472,2049,0,190980682726,UQIEQ2567R,491283772127,29,0
E068,C006,Rohan Kulkarni,Sales,68633,27453,11335,4188,1127,502671225341,NNANY4929H,537652551403,30,0
E069,C048,Varun Mehta,Marketing,20011,8004,9206,948,4318,,QPZAM5448X,528005055909,29,0
E070,C010,Aditya Rao,HR,71070,28428,9708,5135,0,857666713757,LUQHJ4914R,704668769751,30,0
E071,C023,Rahul Chatterjee,Operations,62182,24873,10027,40418,0,465112369808,NNFPT4146D,278725297177,26,0
E072,C034,Om Iyer,Marketing,69933,27973,4362,3150,0,162878857141,CHFKH3952N,894543009429,29,0
E073,C041,Sneha Pillai,Sales,71345,28538,5255,4494,2870,280695405105,GIJDS5951V,162938468329,28,0
E074,C034,Rohan Menon,HR,71099,28440,2644,4635,0,822351511812,HGIJE2587G,452854020173,27,2
E075,C021,Sneha Reddy,Operations,28766,11506,4364,841,0,309934982548,DWJXG5853T,937003012618,26,0
E076,C042,Riya Sharma,Marketing,61770,24708,11987,2329,0,909522164089,PNUJL7841C,114224999896,28,0
E077,C041,Riya Kapoor,Operations,48851,19540,7465,2983,0,117570532229,OSFFU1618W,995341792257,28,0
E078,C034,Nikhil Reddy,Operations,24614,9846,5717,1474,0,939417300664,GLIZO6530H,252819976395,25,0
E079,C002,Om Kulkarni,Support,45215,18086,2123,3017,0,200001949796,TEFVZ3382X,226049864220,30,0
E080,C045,Amit Pillai,Operations,32644,13058,11583,721,0,271951629292,ALZLS3277U,794664408905,29,0
E262,C017,Priya Pillai,Support,30980,12392,8604,10,0,994136994726,WBFFX5669S,180137804567,29,0
E082,C031,Aadhya Rao,Sales,42865,17146,3984,647,3386,484622904057,KTWNQ7646R,984688454381,25,0
E083,C035,Pari Iyer,Marketing,20364,8146,4081,1617,0,106810117470,SKMDF2563E,,25,0
E084,C016,Diya Iyer,Marketing,55414,22166,9928,2821,1596,262181066616,HDAYN4618Y,862003945456,25,0
E085,C042,Ananya Sharma,Engineering,27145,10858,9759,1387,0,218825044603,KXPWG8634B,145482389785,25,0
E086,C015,Dhruv Patel,Engineering,61418,24567,7145,3733,730,939126344370,UCSZL1510W,574711867064,30,0
E087,C022,Priya Reddy,Support,61571,24628,4522,2086,707,507846187610,RNNPW4555V,921838375311,29,2
E088,C043,Priya Nair,HR,33972,13589,6992,2164,0,961020022771,EASVX2410Z,416845606814,26,0
E089,C040,Om Verma,Marketing,31657,12663,2484,1512,0,291210797420,KNUPJ6489Z,895176852780,29,0
E090,C022,Saanvi Iyer,Operations,32654,13062,7866,768,0,34206332473,RLFXS3881O,546044570380,27,0
E091,C047,Aditya Pillai,Marketing,71281,28512,1824,4796,0,60371927199,KJTOG5722W,771461181062,29,2
E092,C026,Dhruv Joshi,Operations,73445,29378,9890,1443,2445,958930141034,ALSCQ4343T,578451626825,24,0
E093,C023,Riya Verma,HR,38283,15313,3616,52,0,356067975337,XZPDD3367Z,912603418866,28,0
E094,C039,Varun Pillai,Sales,36822,14729,3723,392,540,80591488842,BZCBA2192N,622216195068,29,0
E095,C033,Vivaan Bhatia,Operations,81163,32465,4729,4145,0,715622196822,KLSIE5208B,816914556821,25,0
E096,C021,Pari Reddy,Support,33476,13390,9895,2255,5717,857845534348,RWCWT2858H,294960127765,27,0
E097,C032,Advait Gupta,Operations,88865,35546,7472,1768,0,625643410347,HLPEQ9321D,724186422627,28,0
E098,C038,Shaurya Bhatia,Engineering,71346,28538,6191,293,2454,230144248617,ILVTU3133V,591218457164,29,0
E099,C047,Rahul Kapoor,Finance,52439,20976,2367,2599,0,496894455598,YNQPZ7636D,564118694669,24,0
E100,C037,Kabir Kulkarni,Operations,52012,20805,7352,1948,0,456070698964,PELFD1856P,488751094900,24,0
E101,C026,Dhruv Rao,HR,17411,6964,3762,793,633,175691349647,YKQFI4557Q,471032736817,26,2
E102,C040,Rohan Kulkarni,Marketing,52515,21006,3142,3176,0,998840324844,UFSHJ3253R,624200267384,25,0
E103,C050,Aarav Chauhan,Engineering,54507,21803,5079,2786,0,933604123868,IFJNR8494F,495828138231,26,0
E104,C048,Anika Chauhan,Marketing,82958,33183,7609,5298,226,551810012792,ICOEN6180Q,467490720369,28,0
E105,C044,Priya Mehta,Operations,54565,21826,2835,1877,0,451819515194,EBFCT9861O,119040410280,30,0
E106,C017,Ananya Desai,Marketing,35627,14251,8716,185,5538,31506221147,PAWCE5669P,500219225209,28,1
E107,C007,Navya Pillai,HR,81978,32791,2824,72,3563,,XRDXF8273R,752335140021,25,0
E108,C041,Aryan Agarwal,Finance,56965,22786,4652,4196,0,232171733747,MTBCJ5337S,116594022587,26,0
E109,C014,Anika Iyer,HR,62369,24948,9654,2604,0,111769719183,VWMQP7253G,138296635882,30,0
E110,C027,Ishaan Reddy,Operations,21240,8496,3355,237,0,INVALID00,VPYNA3732Y,956735911071,27,0
E111,C004,Aarav Rao,Marketing,29714,11886,11011,552,0,87374578486,ZBWBP9443P,475528248872,28,1
E112,C049,Shaurya Rao,HR,20626,8250,8880,1204,0,477743990788,SNOIY9724D,432089697969,29,1
E113,C043,Ishaan Rao,Finance,59483,23793,11396,2479,4404,860965522083,RJFWU3175P,934003439272,28,0
E114,C047,Vihaan Desai,HR,89048,35619,7194,1072,4025,346338588271,RIBKM7789T,356610160373,27,0
E115,C041,Aadhya Rao,Finance,38811,15524,10348,109,0,654286643819,LEDJX7204M,,25,0
E116,C006,Reyansh Gupta,Engineering,55675,22270,4509,2025,0,420210234274,DONGH4831A,652947495881,26,0
E117,C041,Kiara Menon,Engineering,45998,18399,1644,1663,0,400131254426,GTVAJ8621N,634164033197,25,0
E118,C023,Aarav Menon,Operations,79071,31628,5923,4667,0,942980208299,CIAZP3223T,356326829784,29,0
E119,C022,Pooja Nair,Marketing,88732,35493,11800,5232,0,551517909701,BNDUI1826Z,114607410708,24,0
E120,C048,Navya Joshi,Operations,15236,6094,6537,184,0,139612099024,ZFBSY9867G,553657515907,24,0
E121,C041,Vihaan Sharma,Marketing,69775,27910,6775,5509,5826,509499787306,SWELD3515K,450900521984,29,0
E122,C050,Varun Chauhan,Sales,28986,11594,8921,698,2419,208181596278,KSRME5562R,337127885370,27,0
E123,C006,Kiara Patel,Support,49518,19807,6398,2586,0,576231119384,JGFBX4862I,135081439783,27,1
E124,C043,Rahul Iyer,HR,71033,28413,5111,742,0,INVALID00,FPDSK7421R,407384435981,30,0
E125,C003,Kabir Pillai,Finance,73644,29458,3368,2647,3678,928391718428,PGGBY1974T,346515551745,25,1
E126,C028,Diya Nair,Sales,83433,33373,5475,2791,2311,334644644695,ICPAF2818H,991728788995,29,0
E127,C004,Vivaan Joshi,Support,54886,21954,11299,1381,0,767109121052,TVMXE4908D,825758855915,0,0
E128,C008,Aditya Kulkarni,Finance,22075,8830,11234,1755,0,102338196270,HRDAR7930T,642169227781,29,0
E129,C043,Aadhya Verma,Support,35694,14278,11777,1182,3955,272561321551,LZKWL1434W,343306873474,30,0
E130,C012,Karan Menon,Operations,70529,28212,6776,293,2506,507652531547,BDTJP6091O,841521124944,26,0
E131,C013,Shaurya Chauhan,Engineering,73854,29542,6716,5716,0,150682886592,YNOEF8363H,337104382920,28,0
E132,C003,Siddharth Gupta,Operations,57289,22916,5524,3304,2021,817742203307,PABNN3653G,696632006382,26,0
E133,C050,Arjun Nair,Marketing,34405,13762,3452,717,0,,IMLME7415C,999788803221,29,0
E134,C041,Navya Nair,Finance,72815,29126,11184,5364,526,930335865846,RYIII4196R,474545512060,27,1
E135,C037,Karan Agarwal,Sales,50822,20329,8905,2489,402,657193167850,CIPRL1846U,773663020203,30,0
E136,C023,Riya Gupta,Support,39012,15605,11356,1149,0,303899800652,VBMJO3290R,277263588357,26,0
E137,C006,Saanvi Bhatia,Operations,44111,17644,4067,1218,0,774141935434,AJHPG9694H,918817818864,27,0
E138,C021,Kiara Verma,HR,47182,18873,11898,2635,0,463792528249,ACLOA2138S,556909297715,29,0
E139,C023,Tanvi Agarwal,HR,62171,24868,11229,3045,0,844030451437,NWBAC6005S,874311301702,25,0
E140,C004,Riya Mehta,Engineering,29107,11643,10918,789,0,212315949759,RCMXS7877C,363080389086,25,0
E141,C005,Reyansh Rao,HR,60789,24316,3753,1495,4164,731197048232,BQBXA9599S,953986381433,26,0
E142,C037,Sneha Iyer,Finance,80425,32170,6079,594,0,436839447569,IHPQX6559Z,170868960894,26,1
E143,C014,Sneha Singh,Sales,36560,14624,4384,510,0,501325855400,QXVAY1602A,172249588363,26,0
E144,C024,Myra Chauhan,Operations,30671,12268,2784,485,0,503018307884,VPEJI8440H,485553381256,24,0
E145,C043,Ishaan Agarwal,Support,42717,17087,7333,1939,1949,78446780841,ENSYH1071S,159758451138,30,0
E146,C024,Nikhil Verma,Engineering,37562,15025,1749,24415,0,242356454161,BMOTL3565U,540008471323,24,0
E147,C012,Kabir Mehta,Sales,57912,23165,10222,4377,0,887471475692,BCRXR7868G,476717312224,24,0
E148,C048,Kiara Nair,Finance,47097,18839,4932,2622,1832,371396774415,BDUWF6418O,724473400787,24,0
E149,C026,Vihaan Iyer,Finance,26295,10518,7492,18,1772,987314468720,THBIT1959B,632919542412,26,0
E150,C003,Sneha Chatterjee,Engineering,37959,15184,7749,598,5947,197596364415,NDKOP6367F,777765946257,29,0
E151,C035,Myra Pillai,Sales,33545,13418,7030,1491,5235,932624925536,IORXZ5494K,583693816018,30,1
E152,C041,Myra Iyer,Marketing,54572,21829,2938,294,0,132605245123,CFTTV1872D,753130873649,30,0
E153,C014,Advait Pillai,HR,34657,13863,9452,163,0,590314532317,VMIXS2714Y,628769602475,25,0
E154,C021,Shaurya Desai,Support,43503,17401,11975,1734,962,544043381077,IMVOB1441M,624680435858,26,0
E155,C005,Aadhya Desai,HR,69016,27606,3487,3541,0,628513028337,YNAPU1910C,574659802591,25,0
E156,C039,Yash Desai,Operations,21780,8712,5686,1031,89,829166443982,TJPYP3662I,501625019044,29,0
E157,C005,Nikhil Singh,Finance,34859,13944,5366,921,302,201094937643,EJXYJ5545Z,195175123715,25,0
E158,C006,Vivaan Pillai,Support,43750,17500,10282,2703,0,119712562001,YPXYE4618F,930972421231,24,0
E159,C041,Om Joshi,Marketing,56418,22567,8245,955,0,503614038007,FAQRU9553M,349478326189,29,1
E160,C043,Siddharth Desai,Marketing,19211,7684,7090,1199,0,425567713427,QWDGC7318G,852976671765,26,0
E161,C014,Varun Joshi,Marketing,31134,12454,5190,406,0,374412338286,UQHXL2358Z,912240970679,30,0
E162,C041,Ananya Bhatia,Finance,61510,24604,7972,3144,0,26317378590,AYXPE8032D,111157492524,26,0
E163,C043,Saanvi Joshi,Engineering,47774,19110,6955,1298,826,381525358296,NBZLE6539I,364564423831,27,0
E164,C031,Dhruv Gupta,HR,71873,28749,11475,1872,0,34789800975,HGGGM8855A,655902514497,28,0
E165,C002,Advait Iyer,Finance,65765,26306,7841,1699,2376,,LRCZJ1142R,775907877593,27,0
E166,C006,Kiara Joshi,Sales,61493,24597,4246,3427,0,131066641830,DYJAH8524J,275165390444,24,1
E167,C050,Anika Agarwal,Operations,30345,12138,3242,485,0,769984422370,LQXUQ8766D,365851715238,29,2
E168,C017,Kiara Mehta,Marketing,85687,34275,7468,6515,0,670722919217,NLSTM1284C,652778923188,25,2
E169,C040,Shaurya Verma,Operations,37699,15080,10809,2777,0,775166136223,VCHDM3697F,874797551668,27,0
E170,C004,Meera Singh,Marketing,83203,33281,11575,2336,0,575501059437,FDKSO4108I,359697706264,28,0
E171,C031,Aryan Kapoor,Support,81582,32633,7206,4112,0,434306989067,GMPFG8405J,744960481053,25,0
E172,C007,Amit Chatterjee,Operations,79719,31888,4280,1856,0,732116355002,XUARE8616B,478146569071,30,0
E173,C045,Myra Rao,Engineering,48965,19586,11066,3630,0,,NCTFI8565R,454675680473,26,0
E174,C025,Riya Chatterjee,Support,44317,17727,10899,2153,0,472600634212,BHPOL3566K,524692641186,26,0
E175,C007,Aryan Gupta,Finance,73798,29519,10087,4100,4473,802571346339,PWHDC6243R,765255089733,25,2
E176,C011,Shaurya Reddy,Sales,51447,20579,6867,682,0,876981101102,YGZMW2611E,837692397580,27,0
E177,C012,Vivaan Kulkarni,Marketing,78861,31544,8731,4246,0,814173977004,NOSAM5569X,306953216036,26,0
E178,C048,Reyansh Pillai,Marketing,20520,8208,4096,493,1498,861957919720,YFINN9916K,600837481459,24,0
E179,C032,Varun Pillai,Sales,41646,16658,8509,1366,1526,786861820095,,102436546308,28,0
E180,C046,Diya Sharma,Operations,56416,22566,4356,2677,2760,INVALID00,GSCOZ1837H,257480053738,29,0
E181,C050,Nikhil Singh,Finance,73707,29483,3357,1216,4624,42606654551,MYFAS5792V,172706827543,27,0
E182,C050,Karan Kulkarni,Marketing,53150,21260,8833,2235,0,656259352245,RTXPC6286I,165209476236,28,0
E183,C023,Siddharth Verma,HR,19160,7664,10331,1250,5946,801517479660,FXEBF7786P,683737112322,26,0
E184,C041,Arjun Nair,Finance,25141,10056,6496,235,555,357896742885,QIFTR3148R,585251463120,28,0
E185,C003,Siddharth Joshi,Support,68218,27287,2288,2506,0,848132234124,TCPNQ8651J,711536696431,29,0
E186,C042,Sneha Sharma,Finance,60657,24263,2143,2189,3575,252317393120,QIOTU2654X,140467818248,25,0
E187,C021,Ishaan Desai,Operations,17995,7198,6163,40,0,289709057273,TPGLC9308T,,26,2
E188,C024,Rahul Chauhan,Marketing,84661,33864,9260,385,2791,814391176844,NTDFW5060O,843769494974,27,0
E189,C002,Kiara Bhatia,Marketing,63737,25495,6689,1378,0,55205662582,EUJLO4943T,288484553313,25,0
E190,C022,Karan Iyer,HR,19815,7926,2291,1216,0,386433228059,HLIVK3887N,945590356700,29,0
E191,C018,Rahul Mehta,Sales,71084,28434,1569,2603,0,530030331936,FINCK4733V,469397326199,24,0
E192,C022,Diya Kulkarni,Sales,17716,7086,9376,880,0,30058516922,LGXDW2950D,461175701843,25,0
E193,C037,Dhruv Sharma,Engineering,27140,10856,3544,203,0,335784121696,MOIFK1218M,197477309069,30,0
E194,C035,Sai Agarwal,Marketing,57722,23089,7985,2980,0,97554381581,PKZKF8815Q,478075208772,24,0
E195,C045,Myra Patel,Sales,47064,18826,11969,1815,0,968227664167,JPBKX4539O,733957191079,30,0
E196,C016,Sai Reddy,HR,23861,9544,6290,630,929,855848863082,WAHSU9993O,244941114537,24,0
E197,C016,Ritvik Verma,Sales,59234,23694,4181,3240,0,371532855990,ISNPP2868X,893716495424,27,0
E198,C005,Pooja Kapoor,Support,39118,15647,8973,268,3939,986759658348,AVFDV9910E,355241034644,29,0
E199,C032,Pari Joshi,Support,16577,6631,11555,861,5251,778921789585,EDMXU5660F,241322947600,26,0
E200,C001,Rohan Desai,Marketing,25986,10394,9871,1363,5818,596256956070,CGYOI3883V,616460771821,25,0
E201,C025,Navya Reddy,HR,34021,13608,2845,710,0,821332692164,YFRRS2961S,887589907354,25,0
E202,C043,Ritvik Rao,Engineering,68857,27543,7865,1060,398,70100112755,ZOYEF6493P,839692648693,29,0
E203,C001,Varun Joshi,Marketing,57225,22890,2022,2164,0,217986252585,WZTCQ8462Q,320369272474,28,0
E204,C022,Aditya Verma,Operations,73081,29232,8398,3449,1990,INVALID00,CGHIX5396T,728371220245,27,0
E205,C050,Diya Menon,Marketing,33657,13463,2461,1567,1956,399317633056,JTPMC6136E,227160340378,26,0
E206,C041,Tanvi Agarwal,Engineering,60181,24072,8225,1819,0,73812858130,JGJFD9867D,656007342749,28,0
E207,C006,Krishna Chatterjee,HR,82342,32937,5487,1553,0,452910232075,YKTFZ2583L,678273299099,28,2
E208,C006,Ishaan Agarwal,Finance,22315,8926,10162,1157,0,618460157059,WMLQF2364V,,25,0
E209,C034,Meera Mehta,Engineering,33335,13334,3228,2353,0,451571402037,XKQED7583B,114631398903,27,0
E210,C041,Aditya Pillai,Finance,69266,27706,2513,4815,0,344114809320,APCPU3405G,202516529337,25,0
E211,C036,Saanvi Menon,Support,72071,28828,7165,1823,2787,551345325637,LUXKW2526X,865236146621,26,0
E212,C002,Rahul Kulkarni,Engineering,34876,13950,2377,22669,2341,178241185447,YYFFB9633S,676851104912,29,0
E213,C036,Aryan Patel,HR,63482,25393,6109,948,0,308775406560,RGJSP6907A,669201611221,27,2
E214,C008,Shaurya Pillai,Sales,89820,35928,4364,4677,973,337938549707,ULBER2736H,215989664203,27,0
E215,C049,Priya Kulkarni,Engineering,47009,18804,3956,3388,4152,724155188737,BNTOV6062B,799216349460,24,0
E216,C034,Myra Chatterjee,Sales,49957,19983,11958,281,0,643099491134,BATBS2331W,265412862870,26,0
E217,C014,Aarav Patel,Operations,75542,30217,2799,2392,1116,79531037177,WBUXM3808U,967930307496,30,0
E218,C048,Neha Verma,HR,19856,7942,8751,367,577,85872274836,UPHZR7047E,986126537387,28,0
E219,C017,Aadhya Sharma,Engineering,80025,32010,9250,2334,223,937644850866,NTGVM8433E,151923404499,30,0
E220,C021,Vihaan Gupta,Marketing,25815,10326,3004,1188,1729,36587219157,GOMSF6830T,599509221345,26,1
E221,C022,Reyansh Chatterjee,Marketing,55280,22112,9495,1369,0,652898690936,XNYWK1770A,156314004261,25,0
E222,C034,Om Singh,Sales,67595,27038,11690,4275,0,154971812811,WTGJP1116V,397540498726,25,0
E223,C012,Dhruv Pillai,Engineering,71994,28798,4531,4005,4729,680404202046,VMFHQ4114M,495415055670,25,0
E224,C041,Arjun Singh,Engineering,53572,21429,3224,66,0,292016043539,DGJSI6917X,606669320200,28,0
E225,C030,Varun Gupta,Engineering,81153,32461,7340,1923,0,880629174821,IHMDZ5606O,343828354047,30,1
E226,C031,Diya Pillai,Engineering,22607,9043,-10003,558,0,52545374390,ACESH1645A,404826070078,27,1
E227,C032,Krishna Chauhan,Support,40843,16337,11491,1061,0,598814878439,DEQRS6118S,837829997366,25,0
E228,C007,Riya Gupta,Operations,86560,34624,2605,4398,3987,282878700572,CCEEV6747A,478949421695,28,0
E229,C028,Anika Kapoor,Operations,61512,24605,9064,3585,0,492112261481,PAZJT9609M,531300351599,24,0
E230,C030,Vivaan Kapoor,Operations,48454,19382,4187,3374,0,56890135566,ZXBFA5241P,164408050055,24,0
E231,C031,Siddharth Joshi,Finance,73949,29580,7974,2581,1751,740085840739,WCCCU3800I,490632054180,24,0
E178,C033,Sai Pillai,Finance,60323,24129,3603,4086,0,850284364209,XNPFB9496M,123581335768,25,1
E233,C012,Kiara Reddy,Operations,40043,16017,7009,1802,5298,525562901879,EITVJ2418E,552695727913,24,0
E234,C012,Tanvi Menon,Engineering,59221,23688,10766,3665,0,42538993563,NDXBA3960F,420685735290,27,0
E235,C032,Siddharth Kapoor,Finance,65845,26338,3329,3512,1070,589296343424,JWPDI7203I,724640511866,26,1
E236,C035,Kiara Mehta,Engineering,81952,32781,7042,238,0,171546375493,JNSLP1091R,509432704600,30,0
E237,C017,Vivaan Nair,Engineering,79970,31988,6567,5900,0,210651009988,ORZOY9499N,341662282875,27,1
E238,C021,Advait Iyer,Marketing,63711,25484,1797,1259,0,84033718885,TSCBR5303Q,161944673784,27,0
E239,C002,Tanvi Kapoor,Marketing,18742,7497,10718,1223,0,259193535331,VWNSC8099R,220579497305,27,1
E240,C008,Navya Nair,HR,32406,12962,6068,1607,0,66729924995,BWHWM4080H,462351728532,28,1
E241,C006,Dhruv Desai,Engineering,80429,32172,10723,4452,0,566902839547,YEOXZ5032G,168353529314,0,0
E242,C017,Yash Mehta,Operations,48037,19215,1574,2284,3577,195979962710,BBWJC8909D,711166789106,26,0
E243,C025,Ananya Patel,Marketing,76623,30649,1890,4240,0,10982539410,AAEZQ8039H,912072884425,30,0
E244,C030,Pooja Nair,Finance,50348,20139,9790,1404,40,753810538032,CUBQK3711M,970087567276,26,0
E245,C002,Kabir Mehta,Support,56424,22570,-6415,1848,0,438012068539,UVLXE9388H,497933701717,27,0
E246,C047,Vihaan Pillai,Marketing,57223,22889,-7246,3203,0,679629838949,HTUFQ5484H,102230137771,28,0
E247,C048,Dhruv Bhatia,Operations,24685,9874,7500,1611,0,760716548028,IKKWX4725Z,100578073329,27,0
E248,C010,Rahul Rao,Engineering,57533,23013,-9299,2285,0,684558989992,MHNYP7364D,974135184641,30,0
E249,C025,Karan Menon,Marketing,60707,24283,10412,836,0,767722757169,NNPWV1986P,555367976733,26,0
E250,C029,Advait Gupta,Marketing,26514,10606,5472,1776,0,58235202485,ZAAMA2479Q,815791116274,28,2
E251,C028,Aryan Pillai,Sales,32314,12926,4687,882,0,887029808191,XLFDI6878M,532072067674,30,2
E252,C003,Rohan Agarwal,Finance,79776,31910,8290,3530,886,299543027758,NBUYM5823Y,660422209919,26,0
E253,C023,Kabir Bhatia,Finance,20688,8275,10997,1470,0,814068646331,EUWAM6089V,376096675219,25,2
E254,C011,Rohan Patel,Marketing,48429,19372,4460,1248,0,821903697335,KGSTE1663B,812820918546,29,0
E255,C016,Aryan Rao,Operations,83635,33454,10945,5356,0,489371379136,TUKHL8234B,825391524146,26,0
E256,C047,Vivaan Kapoor,Marketing,57542,23017,10629,3418,0,443933146319,WRHGD1037N,298043488428,27,2
E257,C005,Kabir Gupta,Sales,33485,13394,7931,532,2141,334236957529,,725079512157,27,1
E258,C003,Tanvi Patel,Sales,87321,34928,6820,4343,4370,837157907055,LKRIO7979X,705195614994,30,1
E259,C005,Ishaan Gupta,Support,87385,34954,6927,4186,0,593130612700,HBOVB2949G,580940598936,29,0
E260,C034,Neha Sharma,Engineering,76187,30475,8411,1075,4031,356542790148,TGKHG4871W,367596573495,30,0
E261,C007,Ishaan Joshi,Sales,72151,28860,4835,5036,497,422882354561,RWNBF2913X,901013206743,30,0
E262,C044,Myra Iyer,Sales,46485,18594,5066,785,5818,580063389019,JWJVP7652H,411265474984,30,0
E263,C048,Pooja Singh,Operations,84389,33756,7500,2011,1668,740478609546,AEZLS5382C,185099815596,25,0
E264,C036,Kiara Chauhan,HR,61135,24454,5178,1865,1423,101335064525,PUOGT9916L,369470345334,28,0
E265,C003,Vivaan Mehta,Support,81250,32500,2420,1586,0,687462761482,NBCDR3981G,495131601004,28,0
E266,C035,Neha Agarwal,Sales,71877,28751,11556,5705,0,853657403056,XVJSK8215V,527686640673,30,0
E267,C012,Yash Joshi,HR,78827,31531,3061,2720,0,801361029305,WZPGO7385C,942650643523,29,0
E268,C005,Anika Chatterjee,HR,58436,23374,10990,781,0,262467288076,MSYUU4970Q,270064345797,25,0
E269,C017,Meera Joshi,Engineering,21760,8704,2673,1247,5166,316476068169,WPFWC7698N,505663829036,25,0
E270,C042,Sneha Singh,Operations,51085,20434,4247,1153,0,173427816066,HDZMI4634C,323821342708,29,0
E271,C030,Aditya Pillai,Finance,31689,12676,5038,563,0,940473368334,RJYKR6953V,813182590300,26,0
E272,C046,Riya Bhatia,Engineering,75679,30272,9459,632,5770,837754626745,HYKFJ5722R,964203404069,30,2
E273,C029,Aadhya Bhatia,HR,16005,6402,3826,878,1948,161986464121,CODQO6839M,473753272364,29,0
E274,C006,Sai Sharma,Sales,30497,12199,2305,761,1638,165873132578,ALRUQ6551Y,818351462256,30,1
E275,C035,Karan Chatterjee,Sales,19619,7848,9059,676,0,433535671268,CHDRU8567Q,664976886211,29,0
E276,C020,Yash Sharma,Finance,69220,27688,5359,44993,776,936250718604,IQQPM4806Q,472368092486,27,0
E277,C018,Navya Verma,Finance,68434,27374,8698,5395,0,290149745452,BJRWQ5627Q,647316024629,24,0
E278,C006,Rahul Singh,Support,62818,25127,8907,2590,1417,429776927174,,297901038461,28,0
E279,C033,Sai Mehta,HR,67968,27187,6061,442,0,37937336855,XRAIF9542O,607425308215,26,0
E280,C020,Reyansh Bhatia,HR,50028,20011,2970,1483,980,128680342616,CPZQK2861A,957635911562,25,0
E281,C007,Aarav Singh,Support,54227,21691,11103,2028,0,974697618593,SFBPZ1777W,936037015412,26,0
E282,C019,Tanvi Desai,Finance,53689,21476,8977,2247,0,623880097586,TIAKW2201O,229015063188,25,0
E283,C037,Sneha Rao,Sales,54775,21910,2600,1640,0,814776294217,LWNOS8378E,527077080268,27,0
E284,C006,Diya Singh,Finance,44693,17877,3369,1090,0,549401533352,KRULM2960W,411400780513,30,0
E285,C034,Aditya Iyer,Operations,57004,22802,4114,2446,0,147462872883,CXQNU6274G,132422416152,27,0
E286,C005,Aditya Nair,Finance,40701,16280,4545,2113,0,102286030540,JBYEV2717I,260033017640,28,0
E287,C005,Saanvi Iyer,Support,21834,8734,10603,1529,685,959436120171,LQYTS2006B,634006112869,25,0
E288,C014,Amit Desai,Engineering,19384,7754,5657,525,1893,697850328135,ZHYII1813L,242351077286,27,0
E289,C020,Aditya Gupta,HR,86538,34615,7516,1003,0,205010027065,PBQFX1492Q,544135741986,24,0
E290,C022,Kiara Verma,HR,48076,19230,2051,2235,53,81116521036,JLFDM1569Z,996638556644,30,0
E291,C020,Amit Rao,Engineering,78014,31206,4897,46,1426,104281274185,WLSID2623Q,421404036306,29,0
E292,C044,Pari Iyer,Operations,55379,22152,7451,815,0,INVALID00,KEGPH3373Z,936791425120,25,1
E293,C037,Yash Nair,Finance,63638,25455,4131,4135,2716,724057444463,XFZFK3833L,816819983454,30,0
E294,C005,Anika Desai,HR,64719,25888,7818,2485,0,515768377777,EJUQF5914V,453452872520,24,0
E295,C001,Meera Pillai,Finance,43413,17365,1938,2853,0,755965557810,SDRYT5324N,317340645728,25,0
E296,C038,Aadhya Singh,Engineering,68813,27525,6130,5227,0,551694608234,MLRVI8646E,958078223787,26,0
E297,C007,Pari Pillai,Finance,87511,35004,9273,4925,2694,127589351864,PDURH7634S,919080706716,30,0
E298,C029,Krishna Mehta,HR,60164,24066,5906,4810,1048,412532162264,LQLOB2406Y,432523941562,27,0
E299,C003,Diya Rao,Engineering,38223,15289,6413,1651,0,543883222430,,788331653519,24,0
E300,C010,Anika Reddy,Sales,31445,12578,3603,812,0,625578231861,IRNXL3655P,603750561199,28,0
